{"cameraMode":{"drawMode":0,"name":"Shaded","section":"Shading Mode"},"sceneLighting":true,"audioPlay":false,"sceneViewState":{"m_AlwaysRefresh":false,"showFog":true,"showSkybox":true,"showFlares":true,"showImageEffects":true,"showParticleSystems":true,"showVisualEffectGraphs":true,"m_FxEnabled":true},"in2DMode":false,"pivot":{"x":0.44309741258621218,"y":0.4877803921699524,"z":0.3076061010360718},"rotation":{"x":-0.05122656747698784,"y":-0.048819392919540408,"z":0.0025075129233300688,"w":-0.9974948167800903},"size":0.8197404742240906,"orthographic":false}