{"cameraMode":{"drawMode":0,"name":"Shaded","section":"Shading Mode"},"sceneLighting":false,"audioPlay":false,"sceneViewState":{"m_AlwaysRefresh":false,"showFog":true,"showSkybox":false,"showFlares":true,"showImageEffects":true,"showParticleSystems":true,"showVisualEffectGraphs":true,"m_FxEnabled":true},"in2DMode":false,"pivot":{"x":2.0609967708587648,"y":0.6393563747406006,"z":-0.09711350500583649},"rotation":{"x":-0.06087697669863701,"y":0.13730233907699586,"z":0.008454750292003155,"w":0.9886208772659302},"size":0.5411617755889893,"orthographic":false}